component,explained_variance_ratio,explained_variance_ratio_pct
PC1,0.429875108736272,42.9875108736272
PC2,0.11839672248772826,11.839672248772825
